,BTC/USD Close,BTC Log-Return,WIG20 Close,WIG20 Log-Return,VIX,DXY,Fed Funds Rate (%)
N (obserwacje),1906.000000,1905.000000,1906.000000,1905.000000,1906.000000,1906.000000,1906.000000
Średnia,43879.883395,0.001466,2279.857324,0.000294,20.075866,99.692859,2.745236
Mediana,37306.620000,0.000426,2217.510000,0.000148,18.160000,99.129997,3.080000
Odchylenie std,32126.804754,0.039854,520.707952,0.014744,7.370883,4.969811,2.003198
Minimum,3398.400000,-0.502607,1305.730000,-0.142456,11.540000,89.440002,0.040000
Maksimum,124658.540000,0.200810,4065.120000,0.080995,82.690002,114.110001,5.330000
Skośność,0.653072,-1.050470,1.075903,-0.708417,2.823859,0.104819,-0.171647
Kurtoza (nadmiarowa),-0.612218,16.681998,1.108631,8.092420,14.012900,-0.435354,-1.520756
Kwantyl 5%,6362.665000,-0.057085,1620.255000,-0.021774,12.752500,91.209997,0.070000
Kwantyl 25%,16560.220000,-0.015935,1927.112500,-0.008033,15.412500,96.715000,0.100000
Kwantyl 75%,64879.320000,0.018968,2426.490000,0.008128,22.790001,103.610001,4.330000
Kwantyl 95%,107275.350000,0.063161,3440.275000,0.023033,31.974999,107.672503,5.330000
