Cecha,Korelacja point-biserial,|Korelacja|,p-value,Istotna (p<0.05),N
macro_vix,0.504783,0.504783,0.000000,TAK,1905
wig_realized_vol_21d,0.489460,0.489460,0.000000,TAK,1885
macro_vix_above_30,0.486334,0.486334,0.000000,TAK,1905
wig_amihud_ma30,0.446198,0.446198,0.000000,TAK,1876
wig_parkinson_vol,0.415752,0.415752,0.000000,TAK,1905
macro_vix_ma30,0.405879,0.405879,0.000000,TAK,1877
macro_vix_above_40,0.379375,0.379375,0.000000,TAK,1905
btc_realized_vol_30d,0.299470,0.299470,0.000000,TAK,1876
cross_corr_60d,0.282588,0.282588,0.000000,TAK,1846
btc_realized_vol_14d,0.279843,0.279843,0.000000,TAK,1892
btc_realized_vol_21d,0.278629,0.278629,0.000000,TAK,1885
cross_corr_90d,0.268805,0.268805,0.000000,TAK,1816
wig_amihud,0.259800,0.259800,0.000000,TAK,1905
btc_realized_vol_7d,0.246938,0.246938,0.000000,TAK,1899
btc_rolling_skew_30d,-0.243842,0.243842,0.000000,TAK,1876
cross_corr_30d,0.238852,0.238852,0.000000,TAK,1876
cross_beta_60d,0.204204,0.204204,0.000000,TAK,1846
macro_fed_rate,-0.194803,0.194803,0.000000,TAK,1905
btc_price_above_ma200,-0.183720,0.183720,0.000000,TAK,1905
macro_fed_rate_above_4,-0.158070,0.158070,0.000000,TAK,1905
btc_bb_width,0.149315,0.149315,0.000000,TAK,1887
wig_rsi_14,-0.148003,0.148003,0.000000,TAK,1892
btc_rolling_kurt_30d,0.145982,0.145982,0.000000,TAK,1876
btc_parkinson_vol,0.144381,0.144381,0.000000,TAK,1905
btc_dist_from_ma200,-0.134301,0.134301,0.000000,TAK,1707
cross_corr_vol_30d,0.134040,0.134040,0.000000,TAK,1856
wig_log_return_lag5,-0.125302,0.125302,0.000000,TAK,1900
cross_vol_spread_21d,0.118272,0.118272,0.000000,TAK,1885
wig_log_return_lag2,-0.113681,0.113681,0.000001,TAK,1903
btc_rsi_14,-0.105346,0.105346,0.000004,TAK,1892
wig_log_return_lag1,-0.097698,0.097698,0.000020,TAK,1904
wig_log_return_lag3,-0.082324,0.082324,0.000326,TAK,1902
btc_macd,-0.073819,0.073819,0.001263,TAK,1905
btc_macd_signal,-0.073485,0.073485,0.001329,TAK,1905
macro_dxy,0.073191,0.073191,0.001390,TAK,1905
wig_log_return,-0.065087,0.065087,0.004484,TAK,1905
wig_volume_normalized,0.064958,0.064958,0.004872,TAK,1877
cross_relative_strength,-0.051787,0.051787,0.026080,TAK,1846
btc_volume_normalized,0.051610,0.051610,0.025353,TAK,1877
btc_log_return_lag10,-0.047548,0.047548,0.038487,TAK,1895
btc_log_return_lag3,-0.046332,0.046332,0.043345,TAK,1902
btc_log_return_lag5,-0.034554,0.034554,0.132159,NIE,1900
btc_amihud_ma30,0.028079,0.028079,0.224141,NIE,1876
btc_log_return_lag2,-0.025505,0.025505,0.266112,NIE,1903
btc_amihud,0.024080,0.024080,0.293512,NIE,1905
btc_log_return_lag1,-0.020317,0.020317,0.375586,NIE,1904
btc_log_return,-0.016490,0.016490,0.471948,NIE,1905
macro_vix_change,0.014943,0.014943,0.514520,NIE,1905
btc_macd_hist,-0.014155,0.014155,0.536947,NIE,1905
macro_fed_rate_change,-0.003078,0.003078,0.893210,NIE,1905
macro_dxy_change,0.002770,0.002770,0.903849,NIE,1905
macro_dxy_log_return,0.002078,0.002078,0.927780,NIE,1905
