fold,train_start,train_end,train_n,train_events,test_start,test_end,test_n,test_events,ae_threshold
1,2019-10-18,2021-09-14,476,58,2021-09-29,2022-03-10,112,14,0.52644
2,2019-10-18,2022-03-10,598,72,2022-03-25,2022-09-05,112,26,0.45068
3,2019-10-18,2022-09-05,720,100,2022-09-20,2023-03-01,113,10,0.48263
4,2019-10-18,2023-03-01,843,116,2023-03-16,2023-08-28,112,7,0.98723
5,2019-10-18,2023-08-28,965,123,2023-09-12,2024-02-21,113,0,0.67988
6,2019-10-18,2024-02-21,1088,123,2024-03-07,2024-08-19,112,0,0.57704
7,2019-10-18,2024-08-19,1210,123,2024-09-03,2025-02-17,112,0,0.53033
8,2019-10-18,2025-02-17,1332,123,2025-03-04,2025-08-13,113,6,0.6012
9,2019-10-18,2025-08-13,1455,129,2025-08-29,2026-02-11,112,0,0.52751
10,2019-10-18,2026-02-11,1577,129,2026-02-26,2026-08-07,113,2,0.5042
