Ziarno,XGBoost_z_ae,LightGBM_z_ae,XGBoost_bez_ae,LightGBM_bez_ae,XGBoost_roznica,LightGBM_roznica,srednia_roznica
42,0.4370458047839537,0.4369584884799883,0.36690018213184805,0.42755763778137656,0.07014562265210567,0.00940085069861174,0.0397732366753587
43,0.43380545204524973,0.4620719843292823,0.3062869845925686,0.4501668512156951,0.12751846745268114,0.011905133113587207,0.06971180028313417
45,0.41852554614090015,0.42349001014834414,0.3192133485201998,0.40434844938940384,0.09931219762070037,0.0191415607589403,0.059226879189820336
48,0.41806915805993394,0.4374207737530691,0.2827524826673831,0.3855501442621624,0.13531667539255082,0.051870629490906706,0.09359365244172876
52,0.44820591413237143,0.43976981364458984,0.2081955494002452,0.3731777730113122,0.24001036473212622,0.06659204063327762,0.15330120268270192
57,0.37453911772416093,0.4399141758826819,0.3467668066023148,0.4435566012802788,0.027772311121846138,-0.0036424253975969045,0.012064942862124617
63,0.4631586071813909,0.4513224196263649,0.32379912820581297,0.34952957464561485,0.13935947897557793,0.10179284498075003,0.12057616197816398
70,0.4074877794099987,0.4688879576479298,0.27203727448097054,0.4568330357345026,0.13545050492902816,0.012054921913427163,0.07375271342122766
78,0.4599491002358618,0.4861534781687105,0.30838344713270377,0.39452782741662396,0.151565653103158,0.09162565075208656,0.12159565192762228
87,0.4118895243533266,0.4499871779648918,0.4615006877759386,0.40380413141915056,-0.049611163422612015,0.046183046545741235,-0.0017140584384353896
