Cecha,Ważność
cross_corr_vol_30d,227
wig_realized_vol_21d,162
macro_vix,152
wig_amihud_ma30,107
macro_vix_ma30,97
macro_dxy,94
wig_volume_normalized,83
btc_rsi_14,82
btc_rolling_kurt_30d,81
btc_realized_vol_30d,81
btc_dist_from_ma200,79
btc_amihud_ma30,79
wig_log_return_lag3,71
btc_realized_vol_21d,67
macro_vix_change,65
btc_realized_vol_7d,64
cross_relative_strength,63
cross_vol_spread_21d,63
wig_rsi_14,62
btc_rolling_skew_30d,60
wig_log_return_lag1,59
btc_log_return_lag2,58
btc_realized_vol_14d,56
macro_dxy_change,54
btc_log_return_lag3,53
btc_bb_width,51
wig_log_return_lag2,51
btc_amihud,50
btc_volume_normalized,50
wig_amihud,48
wig_parkinson_vol,48
btc_macd_hist,48
btc_log_return_lag1,47
btc_macd_signal,47
wig_log_return_lag5,45
btc_macd,45
wig_log_return,40
cross_corr_90d,40
cross_corr_30d,37
cross_corr_60d,36
btc_log_return_lag5,35
cross_beta_60d,34
btc_log_return,32
btc_parkinson_vol,24
macro_fed_rate,20
btc_log_return_lag10,18
macro_dxy_log_return,5
macro_fed_rate_change,5
macro_vix_above_30,4
btc_price_above_ma200,3
macro_vix_above_40,0
macro_fed_rate_above_4,0
