Cecha,Mean |SHAP|
wig_realized_vol_21d,2.7596073
wig_amihud_ma30,0.68076783
macro_vix,0.4991564
btc_amihud_ma30,0.43856448
cross_corr_vol_30d,0.4024852
btc_realized_vol_30d,0.3172169
macro_vix_ma30,0.31345284
btc_bb_width,0.25571394
btc_macd_signal,0.16255677
wig_parkinson_vol,0.13747975
cross_corr_90d,0.13628632
wig_log_return_lag5,0.1360442
btc_rsi_14,0.12534612
btc_volume_normalized,0.11968397
btc_dist_from_ma200,0.11320393
btc_macd_hist,0.11048746
btc_realized_vol_21d,0.11008951
cross_corr_60d,0.10020555
wig_log_return,0.09771953
btc_log_return_lag1,0.09402872
btc_rolling_skew_30d,0.08777938
btc_realized_vol_7d,0.08697026
btc_log_return_lag2,0.08635507
wig_log_return_lag1,0.082275994
wig_log_return_lag2,0.080661766
wig_volume_normalized,0.07982545
wig_rsi_14,0.07727252
btc_rolling_kurt_30d,0.07380243
macro_vix_change,0.0699887
btc_log_return_lag10,0.067430936
btc_macd,0.06687495
wig_log_return_lag3,0.064385355
btc_log_return_lag3,0.06411533
cross_vol_spread_21d,0.06222768
macro_dxy,0.062112946
btc_realized_vol_14d,0.061735343
btc_parkinson_vol,0.06100937
btc_log_return,0.04551588
macro_dxy_change,0.04500566
btc_amihud,0.04330688
cross_beta_60d,0.04240278
macro_vix_above_30,0.040898096
btc_log_return_lag5,0.032148406
cross_relative_strength,0.029357469
cross_corr_30d,0.0274841
wig_amihud,0.022107739
macro_fed_rate,0.012549964
macro_fed_rate_change,0.011745657
macro_dxy_log_return,0.0021520955
btc_price_above_ma200,0.0
macro_vix_above_40,0.0
macro_fed_rate_above_4,0.0
