Ziarno,Obserwacji,Zdarzeń,LSTM|AUC-ROC,LSTM|AUC-PR,GRU|AUC-ROC,GRU|AUC-PR,XGBoost|AUC-ROC,XGBoost|AUC-PR,LightGBM|AUC-ROC,LightGBM|AUC-PR,Zespół: NNLS na prawdopodobieństwach|AUC-ROC,Zespół: NNLS na prawdopodobieństwach|AUC-PR,Zespół: logit z wagami nieujemnymi|AUC-ROC,Zespół: logit z wagami nieujemnymi|AUC-PR,Zespół: logit bez ograniczeń|AUC-ROC,Zespół: logit bez ograniczeń|AUC-PR,Zespół: logit bez ograniczeń na skali surowej|AUC-ROC,Zespół: logit bez ograniczeń na skali surowej|AUC-PR,Zespół: uśrednianie|AUC-ROC,Zespół: uśrednianie|AUC-PR
42,748,18,0.7251902587519026,0.2558638403749236,0.8136225266362253,0.20638924673920306,0.860882800608828,0.4370458047839537,0.8264840182648401,0.4369584884799883,0.8085235920852359,0.3964332681504812,0.8091324200913242,0.39387189080081914,0.8102739726027396,0.3425700854074924,0.5474885844748858,0.35941434425575713,0.8126331811263316,0.42453679613488465
43,748,18,0.7415525114155249,0.19770493496782138,0.8254946727549467,0.41910869974303216,0.8384322678843227,0.42102568906632537,0.8380517503805175,0.4547343790198643,0.8098934550989345,0.43545880412567894,0.7836377473363775,0.3920808391503501,0.7906392694063927,0.3960887234379348,0.5442161339421614,0.33963498396645325,0.8035768645357686,0.431707156971869
44,748,18,0.7215372907153729,0.21851577095879637,0.6753424657534246,0.37186221126195546,0.8333333333333334,0.42745614923780767,0.8340943683409436,0.4715936317447535,0.7918569254185692,0.412320489171478,0.7375951293759512,0.2889204337555833,0.6843987823439878,0.15619084508767883,0.556316590563166,0.30027378758625284,0.7799086757990867,0.419268649406065
45,748,18,0.7478691019786909,0.3304892786379386,0.7387366818873667,0.2313152135520478,0.8528919330289192,0.41739910840665784,0.8486301369863013,0.47165121549369865,0.8244292237442923,0.4346797544070506,0.8194063926940638,0.45539233291163456,0.8209284627092845,0.4540251448616898,0.576103500761035,0.40533487871355406,0.8201674277016743,0.41652011380695686
46,748,18,0.7557077625570776,0.2619713871343622,0.7559360730593607,0.25980218004646183,0.852359208523592,0.34542228763222793,0.8748858447488584,0.5433531929246521,0.8245814307458142,0.372997928895968,0.8402587519025875,0.3913033144409412,0.882724505327245,0.3431798464695775,0.8504566210045661,0.34219465422869455,0.8185692541856925,0.4134047221124733
47,748,18,0.6853881278538814,0.20174260805964472,0.7907153729071537,0.3178034256004187,0.8468036529680365,0.36646422020276176,0.84558599695586,0.4720487624753601,0.850152207001522,0.35937992781439637,0.8118721461187215,0.4061849937868528,0.8056316590563166,0.4038973029179654,0.6383561643835617,0.21613203319199586,0.8616438356164383,0.38773982988907074
48,748,18,0.7226788432267884,0.29894226868982726,0.7861491628614916,0.3735811666823398,0.8504566210045662,0.49958703415054073,0.8401826484018263,0.49223330141649746,0.8400304414003044,0.42287641629926254,0.795738203957382,0.42845214779281293,0.8089802130898021,0.37775395715939025,0.6480974124809741,0.33809229364585625,0.8194824961948249,0.44282744686767
49,748,18,0.8257610350076103,0.2578164916587401,0.795738203957382,0.37798565965525993,0.8579147640791475,0.49213444092923525,0.8533485540334855,0.4525363596597924,0.8454337899543378,0.45376247788903457,0.8368340943683409,0.41498786656930065,0.8363774733637747,0.42862204575935126,0.7080669710806696,0.4052904769437258,0.839041095890411,0.44670564479666247
50,748,18,0.771917808219178,0.25128322167679207,0.7710806697108067,0.33889163070003847,0.8293759512937595,0.3790936638092078,0.8226788432267885,0.4506259574050294,0.8105022831050227,0.3831652445045067,0.8164383561643834,0.394810397016792,0.8084474885844749,0.39192631998613026,0.5416286149162861,0.3619095333533552,0.8331050228310501,0.3922431083736267
51,748,18,0.7611111111111111,0.26942831770204856,0.7898782343987824,0.27584246355942865,0.8528158295281583,0.4372409975498575,0.8407153729071537,0.48063910174385815,0.826255707762557,0.41523636755480847,0.8194824961948248,0.39273168366399536,0.8554033485540333,0.4256567214193569,0.8473363774733637,0.418136367120417,0.8191780821917808,0.4143255002239801
52,748,18,0.6118721461187215,0.03236952661217949,0.7906392694063926,0.2876522428915513,0.8472602739726027,0.44539159075268153,0.834855403348554,0.45139890474903693,0.8315068493150686,0.42445605783441454,0.8238964992389649,0.41335341813348037,0.8352359208523591,0.255330418093056,0.6510654490106544,0.3834890795802403,0.8639269406392693,0.419390837162957
53,748,18,0.7496194824961948,0.2985026148912646,0.7608447488584474,0.3173554416129598,0.8490106544901065,0.4562296132695029,0.8423135464231354,0.4458990863194239,0.8191019786910197,0.44879685335526887,0.80882800608828,0.43687514924637316,0.8079908675799085,0.435314472826452,0.547716894977169,0.36409192600109597,0.8117199391171994,0.41868855718766634
54,748,18,0.769482496194825,0.19376921096837343,0.7858447488584474,0.37027116176631764,0.8450532724505326,0.4894284043249913,0.8510654490106544,0.48913336955433095,0.8248858447488584,0.42140865977728026,0.821917808219178,0.43202236263997773,0.8259512937595128,0.42328291502509585,0.5884322678843227,0.33185494396824833,0.8425418569254186,0.39403381890172806
55,748,18,0.7775494672754947,0.28575667994315646,0.7773211567732115,0.31328754715010326,0.8241248097412479,0.3938625955230001,0.8101217656012175,0.42802242485446595,0.8028158295281582,0.38814964484750947,0.7951293759512936,0.3641432750957917,0.7631659056316591,0.3085497009217228,0.5339421613394216,0.16377495726756333,0.8054794520547945,0.37887166847022324
56,748,18,0.7668188736681888,0.29242427699326373,0.8212328767123288,0.31008003710812093,0.8257229832572298,0.4227522517731859,0.8588280060882801,0.44768735737192467,0.8197869101978691,0.3812634721584237,0.8254185692541857,0.42103293126150704,0.8054794520547945,0.3761984551439809,0.5982496194824961,0.3261074909564237,0.8323439878234398,0.3926375598353672
