Model,Miara,Ziaren,Średnia,Mediana,Odch. std,Minimum,Maksimum,P5,P95
LSTM,AUC-ROC,15,0.7423,0.7496,0.0481,0.6119,0.8258,0.6633,0.792
LSTM,AUC-PR,15,0.2431,0.2578,0.0711,0.0324,0.3305,0.1453,0.3084
GRU,AUC-ROC,15,0.7786,0.7861,0.037,0.6753,0.8255,0.7197,0.8225
GRU,AUC-PR,15,0.3181,0.3174,0.0592,0.2064,0.4191,0.2238,0.3903
XGBoost,AUC-ROC,15,0.8444,0.8473,0.0116,0.8241,0.8609,0.8252,0.8588
XGBoost,AUC-PR,15,0.4287,0.4275,0.0452,0.3454,0.4996,0.3602,0.4944
LightGBM,AUC-ROC,15,0.8415,0.8407,0.0156,0.8101,0.8749,0.8189,0.8636
LightGBM,AUC-PR,15,0.4659,0.4547,0.0284,0.428,0.5434,0.4343,0.5076
Zespół: NNLS na prawdopodobieństwach,AUC-ROC,15,0.822,0.8244,0.0159,0.7919,0.8502,0.7995,0.8468
Zespół: NNLS na prawdopodobieństwach,AUC-PR,15,0.41,0.4152,0.0285,0.3594,0.4538,0.3689,0.4503
Zespół: logit z wagami nieujemnymi,AUC-ROC,15,0.8097,0.8164,0.0251,0.7376,0.8403,0.7698,0.8379
Zespół: logit z wagami nieujemnymi,AUC-PR,15,0.4017,0.4062,0.0387,0.2889,0.4554,0.3416,0.4424
Zespół: logit bez ograniczeń,AUC-ROC,15,0.8094,0.809,0.0443,0.6844,0.8827,0.7395,0.8636
Zespół: logit bez ograniczeń,AUC-PR,15,0.3679,0.3919,0.0789,0.1562,0.454,0.2256,0.4409
Zespół: logit bez ograniczeń na skali surowej,AUC-ROC,15,0.6252,0.5884,0.104,0.5339,0.8505,0.5393,0.8483
Zespół: logit bez ograniczeń na skali surowej,AUC-PR,15,0.337,0.3422,0.0687,0.1638,0.4181,0.2004,0.4092
Zespół: uśrednianie,AUC-ROC,15,0.8242,0.8195,0.022,0.7799,0.8639,0.7965,0.8623
Zespół: uśrednianie,AUC-PR,15,0.4129,0.4165,0.0201,0.3789,0.4467,0.3851,0.444
